<?xml version = '1.0' encoding = 'UTF-8'?>
<Entity class="oracle.dbtools.crest.model.design.logical.Entity" directorySegmentName="seg_0" id="6E815AEB-A14E-7F44-45EB-A5388F5C4104" name="T_SVG_DEPARTAMENTO">
<createdBy>yeldg</createdBy>
<createdTime>2024-03-12 23:58:45 UTC</createdTime>
<comment><![CDATA[Entidade que representa o departamento, onde todo funcionario deve ser vinculado a um]]></comment>
<ownerDesignName>MODELO_LOGICO</ownerDesignName>
<engineerTo>
<item key="879A69D1-1DCC-6471-F348-6CD85DC05913" value="true"/>
</engineerTo>
<adequatelyNormalized>NO</adequatelyNormalized>
<expectedVolumes>0</expectedVolumes>
<fwdEngineeringStrategyName>Single Table</fwdEngineeringStrategyName>
<growthPercent>0</growthPercent>
<growthType>Year</growthType>
<maxVolumes>9999999</maxVolumes>
<minVolumes>0</minVolumes>
<normalForm>Third</normalForm>
<attributes itemClass="oracle.dbtools.crest.model.design.logical.Attribute">
<Attribute name="cd_depto" id="AF4E8602-5FCD-DCF0-6630-542C60C252C9">
<createdBy>yeldg</createdBy>
<createdTime>2024-03-12 23:58:58 UTC</createdTime>
<ownerDesignName>MODELO_LOGICO</ownerDesignName>
<engineerTo>
<item key="879A69D1-1DCC-6471-F348-6CD85DC05913" value="true"/>
</engineerTo>
<useDomainConstraints>false</useDomainConstraints>
<use>1</use>
<logicalDatatype>LOGDT019</logicalDatatype>
<dataTypePrecision>5</dataTypePrecision>
<ownDataTypeParameters>,5,</ownDataTypeParameters>
</Attribute>
<Attribute name="nm_depto" id="D9D6E896-4367-2301-7658-3412E8D67588">
<createdBy>yeldg</createdBy>
<createdTime>2024-03-12 23:59:08 UTC</createdTime>
<ownerDesignName>MODELO_LOGICO</ownerDesignName>
<engineerTo>
<item key="879A69D1-1DCC-6471-F348-6CD85DC05913" value="true"/>
</engineerTo>
<useDomainConstraints>false</useDomainConstraints>
<use>1</use>
<logicalDatatype>LOGDT024</logicalDatatype>
<dataTypeSize>30</dataTypeSize>
<ownDataTypeParameters>30,,</ownDataTypeParameters>
</Attribute>
<Attribute name="sg_depto" id="3A0F068C-DD46-E32A-F4C6-86F07AD788DF">
<createdBy>yeldg</createdBy>
<createdTime>2024-03-12 23:59:28 UTC</createdTime>
<ownerDesignName>MODELO_LOGICO</ownerDesignName>
<engineerTo>
<item key="879A69D1-1DCC-6471-F348-6CD85DC05913" value="true"/>
</engineerTo>
<useDomainConstraints>false</useDomainConstraints>
<use>1</use>
<logicalDatatype>LOGDT025</logicalDatatype>
<dataTypeSize>3</dataTypeSize>
<ownDataTypeParameters>3,,</ownDataTypeParameters>
</Attribute>
</attributes>
<identifiers itemClass="oracle.dbtools.crest.model.design.logical.CandidateKey">
<identifier id="8ED3062A-B834-EB23-B988-180A22BD2528" name="T_SVG_DEPARTAMENTO PK">
<createdBy>yeldg</createdBy>
<createdTime>2024-03-12 23:59:05 UTC</createdTime>
<ownerDesignName>MODELO_LOGICO</ownerDesignName>
<engineerTo>
<item key="879A69D1-1DCC-6471-F348-6CD85DC05913" value="true"/>
</engineerTo>
<pk>true</pk>
<usedAttributes>
<attributeRef>AF4E8602-5FCD-DCF0-6630-542C60C252C9</attributeRef>
</usedAttributes>
</identifier>
</identifiers>
</Entity>