<?xml version = '1.0' encoding = 'UTF-8'?>
<FKIndexAssociation class="oracle.dbtools.crest.model.design.relational.FKIndexAssociation" directorySegmentName="seg_0" id="1C156585-146D-09D3-DFF6-F60C58A051A1" containerWithKeyObject="29C65984-6A1A-058E-7306-0231559D2DDF" localFKIndex="03F2D629-B92A-4E49-1DCB-23ADEF53B092" name="FK_SVG_AVALPROD_CLIENTE">
<createdBy>yeldg</createdBy>
<createdTime>2024-03-14 01:19:07 UTC</createdTime>
<generatorID>9337F8CA-3165-04E1-87DA-CDB14077502C</generatorID>
<ownerDesignName>MODELO_FISICO</ownerDesignName>
<referredTableLongName>T_SVG_CLIENTE</referredTableLongName>
<deleteRule>NO ACTION</deleteRule>
<referredTableID>C7F722AF-38EB-9ADC-7B3E-972CF0509DD0</referredTableID>
<keyObject>BD7BE1DC-2725-E225-2413-DE36D3A12A2B</keyObject>
<referredKeyID>BD7BE1DC-2725-E225-2413-DE36D3A12A2B</referredKeyID>
<mandatory>true</mandatory>
<refColNames>cd_cliente</refColNames>
<transferable>true</transferable>
<rely>false</rely>
<columnDependencyConstraintGenerateInDDL>true</columnDependencyConstraintGenerateInDDL>
</FKIndexAssociation>