<?xml version = '1.0' encoding = 'UTF-8'?>
<relationalModel class="oracle.dbtools.crest.model.design.relational.RelationalDesign" name="Relational_1" id="879A69D1-1DCC-6471-F348-6CD85DC05913" mainViewID="098CA660-EFCA-6F24-C7EB-560F742BC82A">
<createdBy>yeldg</createdBy>
<createdTime>2024-03-12 22:12:15 UTC</createdTime>
<ownerDesignName>MODELO_LOGICO</ownerDesignName>
<shouldBeOpen>true</shouldBeOpen>
<selectedRDBMSSite>32076570-2523-435C-2E92-BF29817DFF70</selectedRDBMSSite>
</relationalModel>