<?xml version = '1.0' encoding = 'UTF-8'?>
<Relation class="oracle.dbtools.crest.model.design.logical.Relation" name="contemv2" directorySegmentName="seg_0" id="933BA545-BE5F-57F7-B1C6-2431F63E16A1">
<createdBy>yeldg</createdBy>
<createdTime>2024-03-13 22:45:35 UTC</createdTime>
<ownerDesignName>MODELO_FISICO</ownerDesignName>
<engineerTo>
<item key="879A69D1-1DCC-6471-F348-6CD85DC05913" value="true"/>
</engineerTo>
<sourcePk>3B8C9259-C368-5EAE-312C-44855039458A</sourcePk>
<identifying>false</identifying>
<optionalSource>true</optionalSource>
<optionalTarget>false</optionalTarget>
<sourceCardinality>1</sourceCardinality>
<sourceEntity>535AE1A2-5CC4-5F6A-B0D1-DC79F50426EF</sourceEntity>
<targetCardinalityString>*</targetCardinalityString>
<targetEntity>D1B8389A-49EA-BFD8-9FFF-F09FE58AF25C</targetEntity>
<transferable>true</transferable>
<deleteRule>NO ACTION</deleteRule>
</Relation>