<?xml version = '1.0' encoding = 'UTF-8'?>
<FKArc class="oracle.dbtools.crest.model.design.relational.FKArc" directorySegmentName="seg_0" id="46A4B9B2-ED07-BD83-1656-A127F21DC0D1" name="Arc_1">
<createdBy>yeldg</createdBy>
<createdTime>2024-03-14 01:19:07 UTC</createdTime>
<ownerDesignName>MODELO_FISICO</ownerDesignName>
<mandatory>false</mandatory>
<reverseArc>true</reverseArc>
<table>C7F722AF-38EB-9ADC-7B3E-972CF0509DD0</table>
<fkeys>
<fkeyID>C7E1D5D3-6A28-EB6A-D334-6A187AB68E7F</fkeyID>
<fkeyID>1F7ECA35-980F-D66E-A83B-D3D0258C74D7</fkeyID>
</fkeys>
</FKArc>