<?xml version = '1.0' encoding = 'UTF-8'?>
<Entity class="oracle.dbtools.crest.model.design.logical.Entity" directorySegmentName="seg_0" id="11C113A3-EB87-3434-0E20-674B7210118E" name="T_SVG_PES_FISICA">
<createdBy>yeldg</createdBy>
<createdTime>2024-03-12 22:43:40 UTC</createdTime>
<comment><![CDATA[Entidade que representa o cliente caso ele seja uma pessoa fisica, recebe uma heranca da entidade cliente]]></comment>
<ownerDesignName>MODELO_FISICO</ownerDesignName>
<engineerTo>
<item key="879A69D1-1DCC-6471-F348-6CD85DC05913" value="true"/>
</engineerTo>
<adequatelyNormalized>NO</adequatelyNormalized>
<expectedVolumes>0</expectedVolumes>
<fwdEngineeringStrategyName>Single Table</fwdEngineeringStrategyName>
<growthPercent>0</growthPercent>
<growthType>Year</growthType>
<maxVolumes>9999999</maxVolumes>
<minVolumes>0</minVolumes>
<normalForm>Third</normalForm>
<attributes itemClass="oracle.dbtools.crest.model.design.logical.Attribute">
<Attribute name="cd_cliente" id="0D1F1852-4611-D4AB-F084-64809E7DE403">
<createdBy>yeldg</createdBy>
<createdTime>2024-03-12 23:04:53 UTC</createdTime>
<comment><![CDATA[Atributo e chave primaria que indica o codigo do cliente]]></comment>
<generatorID>023EA86B-B7EB-85DA-2F82-C681FE17B6E3</generatorID>
<ownerDesignName>MODELO_FISICO</ownerDesignName>
<engineerTo>
<item key="879A69D1-1DCC-6471-F348-6CD85DC05913" value="true"/>
</engineerTo>
<referedAttribute>7360C934-80F1-E131-7284-98F1568C29FF</referedAttribute>
<useDomainConstraints>false</useDomainConstraints>
<use>1</use>
<logicalDatatype>LOGDT019</logicalDatatype>
<dataTypePrecision>5</dataTypePrecision>
<ownDataTypeParameters>,5,</ownDataTypeParameters>
</Attribute>
<Attribute name="nr_cpf" id="38D1FA9E-959E-531D-A292-72DC6BBBF83B">
<createdBy>yeldg</createdBy>
<createdTime>2024-03-12 22:49:53 UTC</createdTime>
<comment><![CDATA[Atributo que representa o cpf do cliente]]></comment>
<commentInRDBMS><![CDATA[Atributo que representa o cpf do cliente]]></commentInRDBMS>
<ownerDesignName>MODELO_FISICO</ownerDesignName>
<engineerTo>
<item key="879A69D1-1DCC-6471-F348-6CD85DC05913" value="true"/>
</engineerTo>
<useDomainConstraints>false</useDomainConstraints>
<use>1</use>
<logicalDatatype>LOGDT019</logicalDatatype>
<dataTypePrecision>11</dataTypePrecision>
<ownDataTypeParameters>,11,</ownDataTypeParameters>
</Attribute>
<Attribute name="dt_nascimento" id="B31391B8-81E3-379F-47ED-47A31E1F261D">
<createdBy>yeldg</createdBy>
<createdTime>2024-03-12 22:52:34 UTC</createdTime>
<comment><![CDATA[Atributo que representa a data de nascimento do cliente]]></comment>
<commentInRDBMS><![CDATA[Atributo que representa a data de nascimento do cliente]]></commentInRDBMS>
<ownerDesignName>MODELO_FISICO</ownerDesignName>
<engineerTo>
<item key="879A69D1-1DCC-6471-F348-6CD85DC05913" value="true"/>
</engineerTo>
<useDomainConstraints>false</useDomainConstraints>
<use>1</use>
<logicalDatatype>LOGDT007</logicalDatatype>
<ownDataTypeParameters>,,</ownDataTypeParameters>
</Attribute>
<Attribute name="ds_sexo_biologico" id="DDF8F0BC-41F2-E88D-2E19-5ADE764E3EA5">
<createdBy>yeldg</createdBy>
<createdTime>2024-03-12 23:13:23 UTC</createdTime>
<comment><![CDATA[Atributo que representa o sexo biologico  do cliente]]></comment>
<commentInRDBMS><![CDATA[Atributo que representa o sexo biologico  do cliente]]></commentInRDBMS>
<ownerDesignName>MODELO_FISICO</ownerDesignName>
<engineerTo>
<item key="879A69D1-1DCC-6471-F348-6CD85DC05913" value="true"/>
</engineerTo>
<useDomainConstraints>false</useDomainConstraints>
<use>1</use>
<logicalDatatype>LOGDT024</logicalDatatype>
<dataTypeSize>20</dataTypeSize>
<ownDataTypeParameters>20,,</ownDataTypeParameters>
</Attribute>
<Attribute name="ds_genero" id="F58ABE49-5192-77BA-67A3-186BF3F0914D">
<createdBy>yeldg</createdBy>
<createdTime>2024-03-12 22:52:18 UTC</createdTime>
<comment><![CDATA[Atributo que representa o genero do cliente]]></comment>
<commentInRDBMS><![CDATA[Atributo que representa o genero do cliente]]></commentInRDBMS>
<ownerDesignName>MODELO_FISICO</ownerDesignName>
<engineerTo>
<item key="879A69D1-1DCC-6471-F348-6CD85DC05913" value="true"/>
</engineerTo>
<nullsAllowed>true</nullsAllowed>
<useDomainConstraints>false</useDomainConstraints>
<use>1</use>
<logicalDatatype>LOGDT024</logicalDatatype>
<dataTypeSize>20</dataTypeSize>
<ownDataTypeParameters>20,,</ownDataTypeParameters>
</Attribute>
</attributes>
<identifiers itemClass="oracle.dbtools.crest.model.design.logical.CandidateKey">
<identifier id="8339336D-507C-26B3-A56B-0AFABCC8DC13" name="T_SVG_PES_FISICA PK">
<createdBy>yeldg</createdBy>
<createdTime>2024-03-12 23:07:01 UTC</createdTime>
<ownerDesignName>MODELO_FISICO</ownerDesignName>
<engineerTo>
<item key="879A69D1-1DCC-6471-F348-6CD85DC05913" value="true"/>
</engineerTo>
<pk>true</pk>
<usedAttributes>
<attributeRef>0D1F1852-4611-D4AB-F084-64809E7DE403</attributeRef>
</usedAttributes>
</identifier>
</identifiers>
</Entity>