<?xml version = '1.0' encoding = 'UTF-8'?>
<Entity class="oracle.dbtools.crest.model.design.logical.Entity" directorySegmentName="seg_0" id="27429DDF-7D3A-09E6-7F12-D020E2523CCF" name="T_SVG_PRODUTO">
<createdBy>yeldg</createdBy>
<createdTime>2024-03-12 23:23:52 UTC</createdTime>
<comment><![CDATA[Entidade que representa o produto]]></comment>
<ownerDesignName>MODELO_FISICO</ownerDesignName>
<engineerTo>
<item key="879A69D1-1DCC-6471-F348-6CD85DC05913" value="true"/>
</engineerTo>
<adequatelyNormalized>NO</adequatelyNormalized>
<expectedVolumes>0</expectedVolumes>
<fwdEngineeringStrategyName>Single Table</fwdEngineeringStrategyName>
<growthPercent>0</growthPercent>
<growthType>Year</growthType>
<maxVolumes>9999999</maxVolumes>
<minVolumes>0</minVolumes>
<normalForm>Third</normalForm>
<attributes itemClass="oracle.dbtools.crest.model.design.logical.Attribute">
<Attribute name="cd_produto" id="BF9ECA2A-0005-C90E-23D4-2E47CB691F6A">
<createdBy>yeldg</createdBy>
<createdTime>2024-03-12 23:24:13 UTC</createdTime>
<ownerDesignName>MODELO_FISICO</ownerDesignName>
<engineerTo>
<item key="879A69D1-1DCC-6471-F348-6CD85DC05913" value="true"/>
</engineerTo>
<useDomainConstraints>false</useDomainConstraints>
<use>1</use>
<logicalDatatype>LOGDT024</logicalDatatype>
<dataTypeSize>5</dataTypeSize>
<ownDataTypeParameters>5,,</ownDataTypeParameters>
</Attribute>
<Attribute name="cd_categoria" id="554C86FC-972A-F754-15E9-A4B18FB9FBAE">
<createdBy>yeldg</createdBy>
<createdTime>2024-03-13 22:35:03 UTC</createdTime>
<comment><![CDATA[Atributo e chave primaria  que representa o codigo da categoria]]></comment>
<generatorID>889CF4C7-76BD-783E-079C-ED07CBEF4ECF</generatorID>
<ownerDesignName>MODELO_FISICO</ownerDesignName>
<engineerTo>
<item key="879A69D1-1DCC-6471-F348-6CD85DC05913" value="true"/>
</engineerTo>
<referedAttribute>F9800213-FB74-182D-E63C-3E37D625D480</referedAttribute>
<useDomainConstraints>false</useDomainConstraints>
<use>1</use>
<logicalDatatype>LOGDT019</logicalDatatype>
<dataTypePrecision>5</dataTypePrecision>
<ownDataTypeParameters>,5,</ownDataTypeParameters>
</Attribute>
<Attribute name="nm_produto" id="B004F4C4-2FE1-4E67-393C-DE435A2ED9A4">
<createdBy>yeldg</createdBy>
<createdTime>2024-03-12 23:24:30 UTC</createdTime>
<ownerDesignName>MODELO_FISICO</ownerDesignName>
<engineerTo>
<item key="879A69D1-1DCC-6471-F348-6CD85DC05913" value="true"/>
</engineerTo>
<useDomainConstraints>false</useDomainConstraints>
<use>1</use>
<logicalDatatype>LOGDT024</logicalDatatype>
<dataTypeSize>50</dataTypeSize>
<ownDataTypeParameters>50,,</ownDataTypeParameters>
</Attribute>
<Attribute name="ds_produto_completa" id="A76EF821-6692-9AA1-70AF-C04454072225">
<createdBy>yeldg</createdBy>
<createdTime>2024-03-12 23:24:43 UTC</createdTime>
<ownerDesignName>MODELO_FISICO</ownerDesignName>
<engineerTo>
<item key="879A69D1-1DCC-6471-F348-6CD85DC05913" value="true"/>
</engineerTo>
<useDomainConstraints>false</useDomainConstraints>
<use>1</use>
<logicalDatatype>LOGDT024</logicalDatatype>
<dataTypeSize>200</dataTypeSize>
<ownDataTypeParameters>200,,</ownDataTypeParameters>
</Attribute>
<Attribute name="cd_barras" id="A03ECCBC-623F-2EE1-A945-7CFBF7547659">
<createdBy>yeldg</createdBy>
<createdTime>2024-03-12 23:26:10 UTC</createdTime>
<ownerDesignName>MODELO_FISICO</ownerDesignName>
<engineerTo>
<item key="879A69D1-1DCC-6471-F348-6CD85DC05913" value="true"/>
</engineerTo>
<nullsAllowed>true</nullsAllowed>
<useDomainConstraints>false</useDomainConstraints>
<use>1</use>
<logicalDatatype>LOGDT019</logicalDatatype>
<dataTypePrecision>13</dataTypePrecision>
<ownDataTypeParameters>,13,</ownDataTypeParameters>
</Attribute>
<Attribute name="st_produto" id="003BB109-0567-F464-6ED3-B14D8D8267BD">
<createdBy>yeldg</createdBy>
<createdTime>2024-03-12 23:26:19 UTC</createdTime>
<ownerDesignName>MODELO_FISICO</ownerDesignName>
<engineerTo>
<item key="879A69D1-1DCC-6471-F348-6CD85DC05913" value="true"/>
</engineerTo>
<useDomainConstraints>false</useDomainConstraints>
<use>1</use>
<logicalDatatype>LOGDT025</logicalDatatype>
<dataTypeSize>1</dataTypeSize>
<ownDataTypeParameters>1,,</ownDataTypeParameters>
</Attribute>
<Attribute name="vl_preco_unitario" id="B38492EA-D630-FA64-1839-88E7532A375D">
<createdBy>yeldg</createdBy>
<createdTime>2024-03-13 00:39:22 UTC</createdTime>
<ownerDesignName>MODELO_FISICO</ownerDesignName>
<engineerTo>
<item key="879A69D1-1DCC-6471-F348-6CD85DC05913" value="true"/>
</engineerTo>
<useDomainConstraints>false</useDomainConstraints>
<use>1</use>
<logicalDatatype>LOGDT019</logicalDatatype>
<dataTypePrecision>8</dataTypePrecision>
<dataTypeScale>2</dataTypeScale>
<ownDataTypeParameters>,8,2</ownDataTypeParameters>
</Attribute>
<Attribute name="st_produto_1" id="67894B15-2ED4-480C-140C-BF73F8E69575">
<createdBy>yeldg</createdBy>
<createdTime>2024-03-13 00:47:04 UTC</createdTime>
<ownerDesignName>MODELO_FISICO</ownerDesignName>
<engineerTo>
<item key="879A69D1-1DCC-6471-F348-6CD85DC05913" value="true"/>
</engineerTo>
<useDomainConstraints>false</useDomainConstraints>
<use>1</use>
<logicalDatatype>LOGDT024</logicalDatatype>
<dataTypeSize>10</dataTypeSize>
<ownDataTypeParameters>10,,</ownDataTypeParameters>
</Attribute>
<Attribute name="ds_produto" id="D193B3A0-A7E4-990F-9A4F-17B7E502B2A8">
<createdBy>yeldg</createdBy>
<createdTime>2024-03-13 00:47:43 UTC</createdTime>
<ownerDesignName>MODELO_FISICO</ownerDesignName>
<engineerTo>
<item key="879A69D1-1DCC-6471-F348-6CD85DC05913" value="true"/>
</engineerTo>
<useDomainConstraints>false</useDomainConstraints>
<use>1</use>
<logicalDatatype>LOGDT024</logicalDatatype>
<dataTypeSize>30</dataTypeSize>
<ownDataTypeParameters>30,,</ownDataTypeParameters>
</Attribute>
</attributes>
<identifiers itemClass="oracle.dbtools.crest.model.design.logical.CandidateKey">
<identifier id="A9C745F6-2FE8-78A3-188F-6BC3B6CC7EC0" name="T_SVG_PRODUTO PK">
<createdBy>yeldg</createdBy>
<createdTime>2024-03-12 23:24:24 UTC</createdTime>
<ownerDesignName>MODELO_FISICO</ownerDesignName>
<engineerTo>
<item key="879A69D1-1DCC-6471-F348-6CD85DC05913" value="true"/>
</engineerTo>
<pk>true</pk>
<usedAttributes>
<attributeRef>BF9ECA2A-0005-C90E-23D4-2E47CB691F6A</attributeRef>
</usedAttributes>
</identifier>
</identifiers>
</Entity>