<?xml version = '1.0' encoding = 'UTF-8'?>
<FKIndexAssociation class="oracle.dbtools.crest.model.design.relational.FKIndexAssociation" directorySegmentName="seg_0" id="C7E1D5D3-6A28-EB6A-D334-6A187AB68E7F" containerWithKeyObject="80F795FD-A70B-0E12-B056-DBC1BF4C936B" localFKIndex="B0E4FFB0-5B8F-F178-95EB-DA044D24061D" name="FK_SVG_PESFIS_CLIENTE">
<createdBy>yeldg</createdBy>
<createdTime>2024-03-14 01:19:07 UTC</createdTime>
<generatorID>023EA86B-B7EB-85DA-2F82-C681FE17B6E3</generatorID>
<ownerDesignName>MODELO_LOGICO</ownerDesignName>
<referredTableLongName>T_SVG_CLIENTE</referredTableLongName>
<arc>46A4B9B2-ED07-BD83-1656-A127F21DC0D1</arc>
<deleteRule>NO ACTION</deleteRule>
<referredTableID>C7F722AF-38EB-9ADC-7B3E-972CF0509DD0</referredTableID>
<keyObject>BD7BE1DC-2725-E225-2413-DE36D3A12A2B</keyObject>
<referredKeyID>BD7BE1DC-2725-E225-2413-DE36D3A12A2B</referredKeyID>
<mandatory>true</mandatory>
<refColNames>cd_cliente</refColNames>
<transferable>true</transferable>
<rely>false</rely>
<columnDependencyConstraintGenerateInDDL>true</columnDependencyConstraintGenerateInDDL>
</FKIndexAssociation>