<?xml version = '1.0' encoding = 'UTF-8'?>
<Table class="oracle.dbtools.crest.model.design.relational.Table" directorySegmentName="seg_0" id="C5258E2B-8B0A-ACF8-1196-A09CC54FF779" name="T_SVG_FUNCIONARIO">
<createdBy>yeldg</createdBy>
<createdTime>2024-03-14 01:19:07 UTC</createdTime>
<comment><![CDATA[Entidade que representa o funcionario]]></comment>
<generatorID>1E670E4C-BDC5-A5FA-6C8B-D98D708F9313</generatorID>
<ownerDesignName>MODELO_LOGICO</ownerDesignName>
<allowColumnReorder>false</allowColumnReorder>
<existDependencyGenerateInDDl>true</existDependencyGenerateInDDl>
<parsed>true</parsed>
<columns itemClass="oracle.dbtools.crest.model.design.relational.Column">
<Column name="cd_funcionario" id="839FBC98-5972-9EA8-7604-455F4F640B3B">
<createdBy>yeldg</createdBy>
<createdTime>2024-03-14 01:19:07 UTC</createdTime>
<generatorID>DBCBAEB1-996F-742B-54F0-AC7F594104ED</generatorID>
<ownerDesignName>MODELO_LOGICO</ownerDesignName>
<useDomainConstraints>false</useDomainConstraints>
<use>1</use>
<logicalDatatype>LOGDT019</logicalDatatype>
<dataTypePrecision>5</dataTypePrecision>
<ownDataTypeParameters>,5,</ownDataTypeParameters>
<autoIncrementCycle>false</autoIncrementCycle>
</Column>
<Column name="cd_depto" id="68A4242A-818C-5583-230A-2CF8B2B7F963">
<createdBy>yeldg</createdBy>
<createdTime>2024-03-14 01:19:07 UTC</createdTime>
<generatorID>8D916D33-4AFB-E827-F3BD-27A16E09E374</generatorID>
<ownerDesignName>MODELO_LOGICO</ownerDesignName>
<useDomainConstraints>false</useDomainConstraints>
<use>1</use>
<logicalDatatype>LOGDT019</logicalDatatype>
<dataTypePrecision>5</dataTypePrecision>
<ownDataTypeParameters>,,</ownDataTypeParameters>
<previousColumn>false</previousColumn>
<autoIncrementCycle>false</autoIncrementCycle>
<associations>
<colAssociation fkAssociation="FFC6D042-9B1E-A13B-BE05-FEE41D66A259" referredColumn="24A97CC6-C645-41EA-84D1-D4BEC0DA2C16"/>
</associations>
</Column>
<Column name="nm_funcionario" id="76FA97FC-AAF7-09AE-5317-7EA0D5425C67">
<createdBy>yeldg</createdBy>
<createdTime>2024-03-14 01:19:07 UTC</createdTime>
<generatorID>EBF98B19-5C67-282E-C391-6E1FDB4BC321</generatorID>
<ownerDesignName>MODELO_LOGICO</ownerDesignName>
<useDomainConstraints>false</useDomainConstraints>
<use>1</use>
<logicalDatatype>LOGDT024</logicalDatatype>
<dataTypeSize>50</dataTypeSize>
<ownDataTypeParameters>50,,</ownDataTypeParameters>
<autoIncrementCycle>false</autoIncrementCycle>
</Column>
<Column name="nr_cpf" id="015606B2-337B-72C9-5116-FB6F926331A4">
<createdBy>yeldg</createdBy>
<createdTime>2024-03-14 01:19:07 UTC</createdTime>
<generatorID>7756828C-7646-69A0-87B1-8DBDA14B3E7E</generatorID>
<ownerDesignName>MODELO_LOGICO</ownerDesignName>
<useDomainConstraints>false</useDomainConstraints>
<use>1</use>
<logicalDatatype>LOGDT019</logicalDatatype>
<dataTypePrecision>11</dataTypePrecision>
<ownDataTypeParameters>,11,</ownDataTypeParameters>
<autoIncrementCycle>false</autoIncrementCycle>
</Column>
<Column name="dt_nascimento" id="3D97E386-838D-7892-CD8B-860B399C3B79">
<createdBy>yeldg</createdBy>
<createdTime>2024-03-14 01:19:07 UTC</createdTime>
<generatorID>9BE702B5-32C1-D954-4617-F4104677EEAC</generatorID>
<ownerDesignName>MODELO_LOGICO</ownerDesignName>
<useDomainConstraints>false</useDomainConstraints>
<use>1</use>
<logicalDatatype>LOGDT007</logicalDatatype>
<ownDataTypeParameters>,,</ownDataTypeParameters>
<autoIncrementCycle>false</autoIncrementCycle>
</Column>
<Column name="ds_cargo" id="61DBAF71-6444-32BF-8002-A3DFE1AC6420">
<createdBy>yeldg</createdBy>
<createdTime>2024-03-14 01:19:07 UTC</createdTime>
<generatorID>2FAB67DF-2226-3619-E13A-113E6A1FC64F</generatorID>
<ownerDesignName>MODELO_LOGICO</ownerDesignName>
<useDomainConstraints>false</useDomainConstraints>
<use>1</use>
<logicalDatatype>LOGDT024</logicalDatatype>
<dataTypeSize>20</dataTypeSize>
<ownDataTypeParameters>20,,</ownDataTypeParameters>
<autoIncrementCycle>false</autoIncrementCycle>
</Column>
</columns>
<indexes itemClass="oracle.dbtools.crest.model.design.relational.Index">
<ind_PK_UK id="9F64217F-D994-C285-44EB-FD0AF1BED547" name="PK_SVG_FUNCIONARIO">
<createdBy>yeldg</createdBy>
<createdTime>2024-03-14 01:19:07 UTC</createdTime>
<generatorID>DB674E47-1B61-FF4A-1A4A-E5CEACEBD52E</generatorID>
<ownerDesignName>MODELO_LOGICO</ownerDesignName>
<pk>true</pk>
<indexState>Primary Constraint</indexState>
<isSurrogateKey>false</isSurrogateKey>
<indexColumnUsage>
<colUsage columnID="839FBC98-5972-9EA8-7604-455F4F640B3B"/>
</indexColumnUsage>
</ind_PK_UK>
<ind_PK_UK id="E98079EA-2688-C657-FD83-4D460AA4FDD2" name="FK_SVG_FUNC_DEPTO">
<createdBy>yeldg</createdBy>
<createdTime>2024-03-14 01:19:07 UTC</createdTime>
<generatorID>91EC9B0D-3538-B910-6662-F120DFAB0649</generatorID>
<ownerDesignName>MODELO_LOGICO</ownerDesignName>
<indexState>Foreign Key</indexState>
<isSurrogateKey>false</isSurrogateKey>
<indexColumnUsage>
<colUsage columnID="68A4242A-818C-5583-230A-2CF8B2B7F963"/>
</indexColumnUsage>
</ind_PK_UK>
</indexes>
</Table>